cpd00001_c0;rxn00001_c_c0
cpd00012_c0;rxn00001_c_c0
rxn00001_c_c0;cpd00009_c0
rxn00001_c_c0;cpd00067_c0
rxn00011_c_c0;cpd00011_c0
rxn00011_c_c0;cpd03049_c0
cpd00020_c0;rxn00011_c_c0
cpd00056_c0;rxn00011_c_c0
cpd00067_c0;rxn00011_c_c0
rxn00018_c_c0;cpd00067_c0
cpd00871_c0;rxn00018_c_c0
rxn00018_c_c0;cpd00169_c0
cpd00011_c0;rxn00018_c_c0
cpd00001_c0;rxn00018_c_c0
cpd00338_c0;rxn00029_c_c0
rxn00029_c_c0;cpd00001_c0
rxn00029_c_c0;cpd00067_c0
rxn00029_c_c0;cpd00689_c0
cpd00067_c0;rxn00048_c_c0
cpd02656_c0;rxn00048_c_c0
rxn00048_c_c0;cpd00220_c0
rxn00048_c_c0;cpd02882_c0
cpd00001_c0;rxn00060_c_c0
cpd00689_c0;rxn00060_c_c0
rxn00060_c_c0;cpd00013_c0
rxn00060_c_c0;cpd00755_c0
rxn00085_c_c0
cpd00002_c0;rxn00100_c_c0
cpd00655_c0;rxn00100_c_c0
rxn00100_c_c0;cpd00008_c0
rxn00100_c_c0;cpd00010_c0
rxn00100_c_c0;cpd00067_c0
rxn00105_c_c0
rxn00113_c_c0
rxn00117_c_c0
cpd00018_c0;rxn00121_c_c0
cpd00050_c0;rxn00121_c_c0
cpd00067_c0;rxn00121_c_c0
rxn00121_c_c0;cpd00015_c0
rxn00121_c_c0;cpd00001_c0
rxn00125_c_c0;cpd00017_c0
cpd00067_c0;rxn00125_c_c0
rxn00125_c_c0;cpd00001_c0
cpd00227_c0;rxn00125_c_c0
cpd00147_c0;rxn00125_c_c0
rxn00139_c_c0;cpd00012_c0
rxn00139_c_c0;cpd00018_c0
rxn00139_c_c0;cpd00067_c0
cpd00103_c0;rxn00139_c_c0
cpd00128_c0;rxn00139_c_c0
rxn00141_c_c0
cpd00001_c0;rxn00147_c_c0
cpd00002_c0;rxn00147_c_c0
cpd00020_c0;rxn00147_c_c0
rxn00147_c_c0;cpd00009_c0
rxn00147_c_c0;cpd00018_c0
rxn00147_c_c0;cpd00061_c0
rxn00147_c_c0;cpd00067_c0
rxn00157_c_c0
rxn00173_c_c0;cpd00022_c0
cpd00196_c0;rxn00173_c_c0
rxn00173_c_c0;cpd00009_c0
cpd00010_c0;rxn00173_c_c0
rxn00178_c_c0
rxn00184_c_c0
rxn00193_c_c0
rxn00213_c_c0
cpd00027_c0;rxn00223_c_c0
rxn00223_c_c0;cpd00082_c0
rxn00224_c_c0;cpd00028_c0
cpd10515_c0;rxn00224_c_c0
rxn00224_c_c0;cpd00067_c0
cpd01476_c0;rxn00224_c_c0
rxn00237_c_c0
cpd00126_c0;rxn00239_c_c0
cpd00002_c0;rxn00239_c_c0
cpd00067_c0;rxn00239_c_c0
rxn00239_c_c0;cpd00031_c0
rxn00239_c_c0;cpd00008_c0
rxn00250_c_c0
rxn00258_c_c0
rxn00260_c_c0
rxn00278_c_c0
rxn00283_c_c0;cpd00117_c0
cpd00035_c0;rxn00283_c_c0
rxn00285_c_c0
rxn00293_c_c0;cpd00062_c0
cpd00037_c0;rxn00293_c_c0
rxn00293_c_c0;cpd02611_c0
cpd00012_c0;rxn00293_c_c0
cpd00001_c0;rxn00299_c_c0
cpd00038_c0;rxn00299_c_c0
rxn00299_c_c0;cpd00047_c0
rxn00299_c_c0;cpd00067_c0
rxn00299_c_c0;cpd02978_c0
rxn00300_c_c0;cpd00012_c0
rxn00300_c_c0;cpd00047_c0
cpd00038_c0;rxn00300_c_c0
rxn00300_c_c0;cpd00957_c0
rxn00300_c_c0;cpd00067_c0
cpd00001_c0;rxn00300_c_c0
cpd00067_c0;rxn00313_c_c0
cpd00516_c0;rxn00313_c_c0
rxn00313_c_c0;cpd00011_c0
rxn00313_c_c0;cpd00039_c0
rxn00337_c_c0
cpd00067_c0;rxn00346_c_c0
cpd00041_c0;rxn00346_c_c0
rxn00346_c_c0;cpd00085_c0
rxn00346_c_c0;cpd00011_c0
cpd00023_c0;rxn00350_c_c0
cpd01017_c0;rxn00350_c_c0
rxn00350_c_c0;cpd00001_c0
rxn00350_c_c0;cpd00042_c0
rxn00364_c_c0
cpd00003_c0;rxn00371_c_c0
cpd00047_c0;rxn00371_c_c0
rxn00371_c_c0;cpd00004_c0
rxn00371_c_c0;cpd00011_c0
rxn00392_c_c0;cpd00050_c0
cpd00220_c0;rxn00392_c_c0
rxn00392_c_c0;cpd00067_c0
rxn00392_c_c0;cpd00008_c0
cpd00002_c0;rxn00392_c_c0
cpd00001_c0;rxn00407_c_c0
cpd00052_c0;rxn00407_c_c0
cpd00067_c0;rxn00407_c_c0
rxn00407_c_c0;cpd00013_c0
rxn00407_c_c0;cpd00062_c0
rxn00409_c_c0
cpd00001_c0;rxn00412_c_c0
cpd00002_c0;rxn00412_c_c0
cpd00053_c0;rxn00412_c_c0
cpd00062_c0;rxn00412_c_c0
rxn00412_c_c0;cpd00008_c0
rxn00412_c_c0;cpd00009_c0
rxn00412_c_c0;cpd00023_c0
rxn00412_c_c0;cpd00052_c0
rxn00412_c_c0;cpd00067_c0
cpd00001_c0;rxn00414_c_c0
cpd00002_c0;rxn00414_c_c0
cpd00053_c0;rxn00414_c_c0
cpd00242_c0;rxn00414_c_c0
rxn00414_c_c0;cpd00008_c0
rxn00414_c_c0;cpd00009_c0
rxn00414_c_c0;cpd00023_c0
rxn00414_c_c0;cpd00067_c0
rxn00414_c_c0;cpd00146_c0
cpd00001_c0;rxn00416_c_c0
cpd00002_c0;rxn00416_c_c0
cpd00041_c0;rxn00416_c_c0
cpd00053_c0;rxn00416_c_c0
rxn00416_c_c0;cpd00012_c0
rxn00416_c_c0;cpd00018_c0
rxn00416_c_c0;cpd00023_c0
rxn00416_c_c0;cpd00067_c0
rxn00416_c_c0;cpd00132_c0
cpd00022_c0;rxn00423_c_c0
cpd00054_c0;rxn00423_c_c0
rxn00423_c_c0;cpd00010_c0
rxn00423_c_c0;cpd00722_c0
rxn00438_c_c0
rxn00459_c_c0
rxn00461_c_c0;cpd02820_c0
cpd00061_c0;rxn00461_c_c0
cpd00037_c0;rxn00461_c_c0
rxn00461_c_c0;cpd00009_c0
rxn00465_c_c0
cpd00064_c0;rxn00470_c_c0
cpd00067_c0;rxn00470_c_c0
rxn00470_c_c0;cpd00011_c0
rxn00470_c_c0;cpd00118_c0
cpd00064_c0;rxn00471_c_c0
rxn00471_c_c0;cpd00013_c0
rxn00471_c_c0;cpd00129_c0
cpd00054_c0;rxn00474_c_c0
cpd00359_c0;rxn00474_c_c0
rxn00474_c_c0;cpd00001_c0
rxn00474_c_c0;cpd00065_c0
rxn00493_c_c0
cpd00029_c0;rxn00507_c_c0
rxn00507_c_c0;cpd00006_c0
rxn00507_c_c0;cpd00001_c0
cpd00005_c0;rxn00507_c_c0
rxn00507_c_c0;cpd00071_c0
cpd00067_c0;rxn00507_c_c0
rxn00515_c_c0
rxn00519_c_c0
rxn00527_c_c0
cpd00162_c0;rxn00539_c_c0
rxn00539_c_c0;cpd00013_c0
rxn00539_c_c0;cpd00071_c0
rxn00542_c_c0
cpd00009_c0;rxn00548_c_c0
cpd00072_c0;rxn00548_c_c0
rxn00548_c_c0;cpd00196_c0
rxn00548_c_c0;cpd00001_c0
rxn00548_c_c0;cpd00236_c0
rxn00555_c_c0
cpd00084_c0;rxn00566_c_c0
cpd00001_c0;rxn00566_c_c0
rxn00566_c_c0;cpd00067_c0
rxn00566_c_c0;cpd00239_c0
rxn00566_c_c0;cpd00020_c0
rxn00566_c_c0;cpd00013_c0
rxn00611_c_c0
cpd00239_c0;rxn00649_c_c0
cpd00722_c0;rxn00649_c_c0
rxn00649_c_c0;cpd00029_c0
rxn00649_c_c0;cpd00084_c0
rxn00650_c_c0
rxn00686_c_c0;cpd00006_c0
rxn00686_c_c0;cpd00087_c0
cpd00005_c0;rxn00686_c_c0
cpd00330_c0;rxn00686_c_c0
cpd00067_c0;rxn00686_c_c0
rxn00690_c_c0;cpd00008_c0
rxn00690_c_c0;cpd00009_c0
cpd00087_c0;rxn00690_c_c0
rxn00690_c_c0;cpd00201_c0
cpd00047_c0;rxn00690_c_c0
cpd00002_c0;rxn00690_c_c0
rxn00692_c_c0
rxn00693_c_c0
rxn00703_c_c0;cpd00089_c0
rxn00703_c_c0;cpd00001_c0
cpd00009_c0;rxn00703_c_c0
cpd00179_c0;rxn00703_c_c0
cpd00067_c0;rxn00710_c_c0
cpd00810_c0;rxn00710_c_c0
rxn00710_c_c0;cpd00011_c0
rxn00710_c_c0;cpd00091_c0
cpd00013_c0;rxn00726_c_c0
cpd00216_c0;rxn00726_c_c0
rxn00726_c_c0;cpd00001_c0
rxn00726_c_c0;cpd00020_c0
rxn00726_c_c0;cpd00067_c0
rxn00726_c_c0;cpd00093_c0
rxn00740_c_c0;cpd00036_c0
rxn00740_c_c0;cpd00067_c0
cpd00001_c0;rxn00740_c_c0
cpd00822_c0;rxn00740_c_c0
rxn00740_c_c0;cpd00013_c0
rxn00740_c_c0;cpd00094_c0
rxn00747_c_c0
rxn00770_c_c0
rxn00772_c_c0
rxn00777_c_c0
rxn00781_c_c0
rxn00782_c_c0;cpd00006_c0
rxn00782_c_c0;cpd00009_c0
rxn00782_c_c0;cpd00102_c0
cpd00005_c0;rxn00782_c_c0
cpd00067_c0;rxn00782_c_c0
cpd00203_c0;rxn00782_c_c0
rxn00786_c_c0;cpd00290_c0
cpd00102_c0;rxn00786_c_c0
cpd00095_c0;rxn00786_c_c0
rxn00789_c_c0;cpd00012_c0
rxn00789_c_c0;cpd00067_c0
rxn00789_c_c0;cpd01775_c0
cpd00002_c0;rxn00789_c_c0
cpd00103_c0;rxn00789_c_c0
rxn00790_c_c0;cpd00012_c0
rxn00790_c_c0;cpd00023_c0
rxn00790_c_c0;cpd00067_c0
rxn00790_c_c0;cpd01982_c0
cpd00001_c0;rxn00790_c_c0
cpd00053_c0;rxn00790_c_c0
cpd00103_c0;rxn00790_c_c0
rxn00791_c_c0;cpd00012_c0
rxn00791_c_c0;cpd00067_c0
rxn00791_c_c0;cpd02642_c0
cpd00093_c0;rxn00791_c_c0
cpd00103_c0;rxn00791_c_c0
rxn00799_c_c0
rxn00800_c_c0
rxn00802_c_c0
rxn00806_c_c0
rxn00829_c_c0;cpd00113_c0
cpd00002_c0;rxn00829_c_c0
rxn00829_c_c0;cpd00008_c0
rxn00829_c_c0;cpd00011_c0
cpd00841_c0;rxn00829_c_c0
rxn00829_c_c0;cpd00009_c0
rxn00830_c_c0
rxn00832_c_c0
rxn00834_c_c0
cpd00038_c0;rxn00838_c_c0
cpd00041_c0;rxn00838_c_c0
cpd00114_c0;rxn00838_c_c0
rxn00838_c_c0;cpd00009_c0
rxn00838_c_c0;cpd00031_c0
rxn00838_c_c0;cpd00067_c0
rxn00838_c_c0;cpd02375_c0
cpd00002_c0;rxn00851_c_c0
cpd00117_c0;rxn00851_c_c0
rxn00851_c_c0;cpd00008_c0
rxn00851_c_c0;cpd00067_c0
rxn00851_c_c0;cpd00009_c0
rxn00851_c_c0;cpd00731_c0
cpd00001_c0;rxn00863_c_c0
cpd00003_c0;rxn00863_c_c0
cpd01324_c0;rxn00863_c_c0
rxn00863_c_c0;cpd00004_c0
rxn00863_c_c0;cpd00067_c0
rxn00863_c_c0;cpd00119_c0
cpd02498_c0;rxn00898_c_c0
rxn00898_c_c0;cpd00001_c0
rxn00898_c_c0;cpd00123_c0
rxn00902_c_c0;cpd00010_c0
rxn00902_c_c0;cpd00067_c0
rxn00902_c_c0;cpd01646_c0
cpd00001_c0;rxn00902_c_c0
cpd00022_c0;rxn00902_c_c0
cpd00123_c0;rxn00902_c_c0
rxn00903_c_c0
cpd00004_c0;rxn00908_c_c0
rxn00908_c_c0;cpd00033_c0
cpd00125_c0;rxn00908_c_c0
cpd00013_c0;rxn00908_c_c0
rxn00908_c_c0;cpd00087_c0
cpd00011_c0;rxn00908_c_c0
rxn00908_c_c0;cpd00003_c0
cpd00123_c0;rxn00912_c_c0
rxn00912_c_c0;cpd00712_c0
cpd00001_c0;rxn00912_c_c0
cpd00125_c0;rxn00912_c_c0
rxn00912_c_c0;cpd00087_c0
rxn00914_c_c0
cpd00001_c0;rxn00926_c_c0
cpd00067_c0;rxn00926_c_c0
cpd00128_c0;rxn00926_c_c0
rxn00926_c_c0;cpd00013_c0
rxn00926_c_c0;cpd00226_c0
rxn00927_c_c0
cpd00216_c0;rxn00966_c_c0
rxn00966_c_c0;cpd00136_c0
rxn00966_c_c0;cpd00020_c0
cpd00067_c0;rxn01000_c_c0
cpd00219_c0;rxn01000_c_c0
rxn01000_c_c0;cpd00001_c0
rxn01000_c_c0;cpd00011_c0
rxn01000_c_c0;cpd00143_c0
cpd00041_c0;rxn01018_c_c0
cpd00146_c0;rxn01018_c_c0
rxn01018_c_c0;cpd00009_c0
rxn01018_c_c0;cpd00067_c0
rxn01018_c_c0;cpd00343_c0
cpd00001_c0;rxn01069_c_c0
cpd00809_c0;rxn01069_c_c0
rxn01069_c_c0;cpd00009_c0
rxn01069_c_c0;cpd00161_c0
cpd00229_c0;rxn01072_c_c0
rxn01072_c_c0;cpd00162_c0
cpd00013_c0;rxn01072_c_c0
rxn01072_c_c0;cpd00007_c0
cpd00025_c0;rxn01072_c_c0
rxn01072_c_c0;cpd00001_c0
rxn01100_c_c0
rxn01106_c_c0
rxn01111_c_c0;cpd00067_c0
rxn01111_c_c0;cpd00871_c0
cpd00171_c0;rxn01111_c_c0
cpd00002_c0;rxn01111_c_c0
rxn01111_c_c0;cpd00008_c0
rxn01114_c_c0
rxn01116_c_c0
cpd00020_c0;rxn01151_c_c0
cpd00185_c0;rxn01151_c_c0
rxn01151_c_c0;cpd00875_c0
cpd00258_c0;rxn01152_c_c0
rxn01152_c_c0;cpd00185_c0
cpd00198_c0;rxn01200_c_c0
rxn01200_c_c0;cpd00102_c0
cpd00101_c0;rxn01200_c_c0
rxn01200_c_c0;cpd00238_c0
cpd00010_c0;rxn01207_c_c0
rxn01207_c_c0;cpd01882_c0
cpd00003_c0;rxn01207_c_c0
rxn01207_c_c0;cpd00004_c0
rxn01207_c_c0;cpd00011_c0
cpd00200_c0;rxn01207_c_c0
rxn01208_c_c0;cpd00011_c0
rxn01208_c_c0;cpd00200_c0
cpd00067_c0;rxn01208_c_c0
cpd02605_c0;rxn01208_c_c0
rxn01213_c_c0
cpd00932_c0;rxn01255_c_c0
rxn01255_c_c0;cpd00009_c0
rxn01255_c_c0;cpd00216_c0
rxn01256_c_c0;cpd00219_c0
cpd00216_c0;rxn01256_c_c0
rxn01257_c_c0
rxn01258_c_c0
cpd00218_c0;rxn01265_c_c0
cpd00103_c0;rxn01265_c_c0
rxn01265_c_c0;cpd00012_c0
rxn01265_c_c0;cpd00873_c0
cpd00006_c0;rxn01269_c_c0
cpd00219_c0;rxn01269_c_c0
rxn01269_c_c0;cpd00005_c0
rxn01269_c_c0;cpd00011_c0
rxn01269_c_c0;cpd00868_c0
cpd00007_c0;rxn01298_c_c0
cpd00001_c0;rxn01298_c_c0
cpd00226_c0;rxn01298_c_c0
rxn01298_c_c0;cpd00025_c0
rxn01298_c_c0;cpd00309_c0
cpd00002_c0;rxn01300_c_c0
rxn01300_c_c0;cpd00067_c0
rxn01300_c_c0;cpd00008_c0
cpd00227_c0;rxn01300_c_c0
rxn01300_c_c0;cpd00809_c0
rxn01301_c_c0
cpd00227_c0;rxn01304_c_c0
rxn01304_c_c0;cpd00010_c0
rxn01304_c_c0;cpd00822_c0
cpd00078_c0;rxn01304_c_c0
rxn01332_c_c0;cpd00009_c0
rxn01332_c_c0;cpd02857_c0
cpd00061_c0;rxn01332_c_c0
cpd00001_c0;rxn01332_c_c0
cpd00236_c0;rxn01332_c_c0
rxn01362_c_c0;cpd00012_c0
rxn01362_c_c0;cpd00067_c0
rxn01362_c_c0;cpd00810_c0
cpd00103_c0;rxn01362_c_c0
cpd00247_c0;rxn01362_c_c0
rxn01434_c_c0
rxn01454_c_c0;cpd00010_c0
rxn01454_c_c0;cpd00067_c0
rxn01454_c_c0;cpd00292_c0
cpd00001_c0;rxn01454_c_c0
cpd00022_c0;rxn01454_c_c0
cpd00279_c0;rxn01454_c_c0
rxn01465_c_c0
rxn01466_c_c0
rxn01484_c_c0;cpd00001_c0
rxn01484_c_c0;cpd00293_c0
cpd00029_c0;rxn01484_c_c0
cpd00288_c0;rxn01484_c_c0
cpd00002_c0;rxn01492_c_c0
rxn01492_c_c0;cpd00008_c0
cpd00802_c0;rxn01492_c_c0
rxn01492_c_c0;cpd00290_c0
rxn01492_c_c0;cpd00067_c0
rxn01500_c_c0
rxn01505_c_c0;cpd02611_c0
cpd00293_c0;rxn01505_c_c0
rxn01512_c_c0
rxn01513_c_c0
cpd00001_c0;rxn01519_c_c0
cpd00358_c0;rxn01519_c_c0
rxn01519_c_c0;cpd00012_c0
rxn01519_c_c0;cpd00067_c0
rxn01519_c_c0;cpd00299_c0
cpd00125_c0;rxn01520_c_c0
cpd00299_c0;rxn01520_c_c0
rxn01520_c_c0;cpd00298_c0
rxn01520_c_c0;cpd00330_c0
rxn01545_c_c0;cpd00001_c0
cpd00105_c0;rxn01545_c_c0
rxn01545_c_c0;cpd01217_c0
cpd00309_c0;rxn01545_c_c0
rxn01547_c_c0
rxn01575_c_c0
rxn01603_c_c0;cpd00330_c0
rxn01603_c_c0;cpd00067_c0
cpd00002_c0;rxn01603_c_c0
cpd00023_c0;rxn01603_c_c0
rxn01603_c_c0;cpd00009_c0
cpd00683_c0;rxn01603_c_c0
rxn01603_c_c0;cpd00008_c0
rxn01607_c_c0
rxn01629_c_c0
rxn01636_c_c0
rxn01637_c_c0
rxn01643_c_c0;cpd00006_c0
rxn01643_c_c0;cpd00009_c0
rxn01643_c_c0;cpd00346_c0
cpd00005_c0;rxn01643_c_c0
cpd00067_c0;rxn01643_c_c0
cpd01977_c0;rxn01643_c_c0
cpd00020_c0;rxn01644_c_c0
cpd00346_c0;rxn01644_c_c0
rxn01644_c_c0;cpd00001_c0
rxn01644_c_c0;cpd00067_c0
rxn01644_c_c0;cpd02120_c0
rxn01669_c_c0;cpd00355_c0
rxn01669_c_c0;cpd00001_c0
cpd00013_c0;rxn01669_c_c0
cpd00873_c0;rxn01669_c_c0
cpd00001_c0;rxn01672_c_c0
cpd00067_c0;rxn01672_c_c0
cpd00356_c0;rxn01672_c_c0
rxn01672_c_c0;cpd00013_c0
rxn01672_c_c0;cpd00358_c0
rxn01675_c_c0
rxn01682_c_c0
rxn01739_c_c0
rxn01740_c_c0
rxn01790_c_c0
cpd00085_c0;rxn01792_c_c0
cpd00408_c0;rxn01792_c_c0
rxn01792_c_c0;cpd00001_c0
rxn01792_c_c0;cpd00644_c0
rxn01917_c_c0
cpd00025_c0;rxn01934_c_c0
cpd00484_c0;rxn01934_c_c0
rxn01934_c_c0;cpd00067_c0
rxn01934_c_c0;cpd02043_c0
rxn01934_c_c0;cpd00007_c0
cpd00011_c0;rxn01934_c_c0
rxn01961_c_c0;cpd00009_c0
cpd00001_c0;rxn01961_c_c0
rxn01961_c_c0;cpd01217_c0
cpd00497_c0;rxn01961_c_c0
rxn01974_c_c0
cpd00626_c0;rxn01997_c_c0
rxn01997_c_c0;cpd00001_c0
rxn01997_c_c0;cpd00521_c0
rxn02000_c_c0
rxn02003_c_c0
rxn02008_c_c0;cpd00525_c0
cpd00186_c0;rxn02008_c_c0
rxn02008_c_c0;cpd00067_c0
rxn02008_c_c0;cpd00009_c0
rxn02008_c_c0;cpd00008_c0
cpd00890_c0;rxn02008_c_c0
cpd00002_c0;rxn02008_c_c0
cpd00002_c0;rxn02011_c_c0
cpd00516_c0;rxn02011_c_c0
rxn02011_c_c0;cpd02964_c0
rxn02011_c_c0;cpd00008_c0
rxn02011_c_c0;cpd00067_c0
rxn02011_c_c0;cpd00009_c0
cpd00525_c0;rxn02011_c_c0
rxn02056_c_c0
rxn02159_c_c0
rxn02160_c_c0;cpd00641_c0
rxn02160_c_c0;cpd00009_c0
cpd00001_c0;rxn02160_c_c0
cpd00807_c0;rxn02160_c_c0
rxn02175_c_c0
rxn02185_c_c0
rxn02187_c_c0
rxn02200_c_c0;cpd00683_c0
cpd00443_c0;rxn02200_c_c0
cpd00954_c0;rxn02200_c_c0
rxn02200_c_c0;cpd00001_c0
rxn02212_c_c0;cpd00009_c0
cpd02857_c0;rxn02212_c_c0
rxn02212_c_c0;cpd00699_c0
cpd00699_c0;rxn02213_c_c0
rxn02213_c_c0;cpd00001_c0
rxn02213_c_c0;cpd01716_c0
rxn02264_c_c0
cpd00010_c0;rxn02269_c_c0
rxn02269_c_c0;cpd00760_c0
cpd00003_c0;rxn02269_c_c0
cpd00508_c0;rxn02269_c_c0
rxn02269_c_c0;cpd00004_c0
rxn02269_c_c0;cpd00011_c0
cpd02820_c0;rxn02285_c_c0
rxn02285_c_c0;cpd00773_c0
cpd00067_c0;rxn02285_c_c0
cpd00005_c0;rxn02285_c_c0
rxn02285_c_c0;cpd00006_c0
cpd00002_c0;rxn02286_c_c0
cpd00035_c0;rxn02286_c_c0
cpd00773_c0;rxn02286_c_c0
rxn02286_c_c0;cpd00008_c0
rxn02286_c_c0;cpd00009_c0
rxn02286_c_c0;cpd00067_c0
rxn02286_c_c0;cpd00890_c0
cpd00067_c0;rxn02288_c_c0
cpd00774_c0;rxn02288_c_c0
rxn02288_c_c0;cpd02083_c0
rxn02288_c_c0;cpd00011_c0
cpd00067_c0;rxn02303_c_c0
rxn02303_c_c0;cpd00001_c0
rxn02303_c_c0;cpd00791_c0
cpd02083_c0;rxn02303_c_c0
cpd00007_c0;rxn02303_c_c0
rxn02303_c_c0;cpd00011_c0
cpd00791_c0;rxn02304_c_c0
rxn02304_c_c0;cpd00001_c0
cpd00007_c0;rxn02304_c_c0
rxn02304_c_c0;cpd01476_c0
rxn02305_c_c0
rxn02320_c_c0
rxn02322_c_c0;cpd00008_c0
rxn02322_c_c0;cpd00841_c0
cpd00812_c0;rxn02322_c_c0
cpd00067_c0;rxn02322_c_c0
cpd00002_c0;rxn02322_c_c0
cpd00067_c0;rxn02341_c_c0
cpd02666_c0;rxn02341_c_c0
rxn02341_c_c0;cpd00011_c0
rxn02341_c_c0;cpd00834_c0
rxn02402_c_c0;cpd00011_c0
rxn02402_c_c0;cpd00012_c0
rxn02402_c_c0;cpd00873_c0
cpd00067_c0;rxn02402_c_c0
cpd00103_c0;rxn02402_c_c0
cpd02333_c0;rxn02402_c_c0
cpd00052_c0;rxn02405_c_c0
cpd00875_c0;rxn02405_c_c0
rxn02405_c_c0;cpd00012_c0
rxn02405_c_c0;cpd00067_c0
rxn02405_c_c0;cpd02546_c0
rxn02465_c_c0;cpd00006_c0
rxn02465_c_c0;cpd00009_c0
rxn02465_c_c0;cpd00918_c0
cpd00005_c0;rxn02465_c_c0
cpd00067_c0;rxn02465_c_c0
cpd02552_c0;rxn02465_c_c0
cpd02843_c0;rxn02473_c_c0
rxn02473_c_c0;cpd00001_c0
rxn02473_c_c0;cpd00930_c0
cpd00067_c0;rxn02474_c_c0
rxn02474_c_c0;cpd00006_c0
rxn02474_c_c0;cpd02720_c0
cpd00931_c0;rxn02474_c_c0
cpd00005_c0;rxn02474_c_c0
cpd00001_c0;rxn02475_c_c0
cpd00067_c0;rxn02475_c_c0
cpd00957_c0;rxn02475_c_c0
rxn02475_c_c0;cpd00013_c0
rxn02475_c_c0;cpd00931_c0
rxn02476_c_c0
rxn02484_c_c0
cpd02961_c0;rxn02504_c_c0
rxn02504_c_c0;cpd00229_c0
rxn02504_c_c0;cpd00954_c0
cpd00067_c0;rxn02507_c_c0
cpd00956_c0;rxn02507_c_c0
rxn02507_c_c0;cpd00001_c0
rxn02507_c_c0;cpd00011_c0
rxn02507_c_c0;cpd02210_c0
rxn02508_c_c0
rxn02774_c_c0;cpd03426_c0
cpd00003_c0;rxn02774_c_c0
cpd01620_c0;rxn02774_c_c0
rxn02774_c_c0;cpd00067_c0
rxn02774_c_c0;cpd00004_c0
rxn02789_c_c0
rxn02811_c_c0
rxn02831_c_c0
rxn02832_c_c0
cpd00001_c0;rxn02834_c_c0
cpd01775_c0;rxn02834_c_c0
rxn02834_c_c0;cpd00012_c0
rxn02834_c_c0;cpd00067_c0
rxn02834_c_c0;cpd01777_c0
rxn02835_c_c0
cpd00002_c0;rxn02895_c_c0
cpd00033_c0;rxn02895_c_c0
cpd01982_c0;rxn02895_c_c0
rxn02895_c_c0;cpd00008_c0
rxn02895_c_c0;cpd00009_c0
rxn02895_c_c0;cpd00067_c0
rxn02895_c_c0;cpd02394_c0
rxn02897_c_c0
rxn02898_c_c0
rxn02928_c_c0
rxn02929_c_c0
rxn02937_c_c0
rxn02988_c_c0;cpd00001_c0
rxn02988_c_c0;cpd00009_c0
rxn02988_c_c0;cpd02333_c0
cpd00095_c0;rxn02988_c_c0
cpd03470_c0;rxn02988_c_c0
rxn03004_c_c0;cpd02678_c0
cpd02394_c0;rxn03004_c_c0
rxn03004_c_c0;cpd00087_c0
rxn03004_c_c0;cpd00067_c0
cpd00201_c0;rxn03004_c_c0
rxn03062_c_c0
rxn03068_c_c0
rxn03080_c_c0
cpd00001_c0;rxn03084_c_c0
cpd00002_c0;rxn03084_c_c0
cpd00053_c0;rxn03084_c_c0
cpd02678_c0;rxn03084_c_c0
rxn03084_c_c0;cpd00008_c0
rxn03084_c_c0;cpd00009_c0
rxn03084_c_c0;cpd00023_c0
rxn03084_c_c0;cpd00067_c0
rxn03084_c_c0;cpd02826_c0
rxn03108_c_c0
rxn03130_c_c0;cpd00067_c0
cpd00001_c0;rxn03130_c_c0
rxn03130_c_c0;cpd02930_c0
cpd02835_c0;rxn03130_c_c0
rxn03130_c_c0;cpd00091_c0
rxn03135_c_c0;cpd00023_c0
rxn03135_c_c0;cpd00067_c0
rxn03135_c_c0;cpd02843_c0
rxn03135_c_c0;cpd02851_c0
cpd00053_c0;rxn03135_c_c0
cpd02991_c0;rxn03135_c_c0
rxn03136_c_c0
rxn03137_c_c0;cpd02884_c0
rxn03137_c_c0;cpd00087_c0
cpd02851_c0;rxn03137_c_c0
cpd00201_c0;rxn03137_c_c0
cpd00001_c0;rxn03146_c_c0
cpd02886_c0;rxn03146_c_c0
rxn03146_c_c0;cpd03584_c0
rxn03146_c_c0;cpd00029_c0
cpd00002_c0;rxn03147_c_c0
cpd00041_c0;rxn03147_c_c0
cpd02893_c0;rxn03147_c_c0
rxn03147_c_c0;cpd00008_c0
rxn03147_c_c0;cpd00009_c0
rxn03147_c_c0;cpd00067_c0
rxn03147_c_c0;cpd02921_c0
rxn03150_c_c0;cpd00009_c0
cpd02904_c0;rxn03150_c_c0
rxn03150_c_c0;cpd03423_c0
cpd00001_c0;rxn03150_c_c0
cpd02835_c0;rxn03159_c_c0
rxn03159_c_c0;cpd03002_c0
rxn03159_c_c0;cpd00014_c0
cpd02930_c0;rxn03159_c_c0
cpd00002_c0;rxn03164_c_c0
rxn03164_c_c0;cpd02968_c0
cpd02964_c0;rxn03164_c_c0
rxn03164_c_c0;cpd00008_c0
rxn03164_c_c0;cpd00067_c0
rxn03164_c_c0;cpd00009_c0
cpd00731_c0;rxn03164_c_c0
rxn03167_c_c0;cpd00009_c0
cpd02978_c0;rxn03167_c_c0
rxn03167_c_c0;cpd02961_c0
cpd00001_c0;rxn03167_c_c0
rxn03167_c_c0;cpd00067_c0
rxn03175_c_c0
cpd03002_c0;rxn03181_c_c0
rxn03181_c_c0;cpd00067_c0
rxn03181_c_c0;cpd00008_c0
rxn03181_c_c0;cpd02993_c0
cpd00002_c0;rxn03181_c_c0
rxn03182_c_c0;cpd00067_c0
rxn03182_c_c0;cpd03585_c0
rxn03182_c_c0;cpd00046_c0
cpd02993_c0;rxn03182_c_c0
cpd02546_c0;rxn03182_c_c0
rxn03194_c_c0
cpd00067_c0;rxn03393_c_c0
cpd03443_c0;rxn03393_c_c0
rxn03393_c_c0;cpd00011_c0
rxn03393_c_c0;cpd03444_c0
rxn03395_c_c0;cpd00019_c0
rxn03395_c_c0;cpd00067_c0
rxn03395_c_c0;cpd03446_c0
cpd03445_c0;rxn03395_c_c0
cpd00017_c0;rxn03395_c_c0
rxn03397_c_c0;cpd00019_c0
rxn03397_c_c0;cpd00067_c0
cpd03447_c0;rxn03397_c_c0
cpd00017_c0;rxn03397_c_c0
rxn03397_c_c0;cpd03448_c0
rxn03408_c_c0
rxn03435_c_c0
rxn03436_c_c0
cpd02535_c0;rxn03437_c_c0
rxn03437_c_c0;cpd00001_c0
rxn03437_c_c0;cpd00508_c0
rxn03439_c_c0;cpd00046_c0
cpd03585_c0;rxn03439_c_c0
cpd02546_c0;rxn03439_c_c0
rxn03439_c_c0;cpd00067_c0
rxn03439_c_c0;cpd03586_c0
rxn03511_c_c0;cpd03831_c0
cpd03830_c0;rxn03511_c_c0
rxn03536_c_c0;cpd00008_c0
rxn03536_c_c0;cpd00067_c0
rxn03536_c_c0;cpd03919_c0
cpd00002_c0;rxn03536_c_c0
cpd03918_c0;rxn03536_c_c0
cpd00038_c0;rxn03537_c_c0
rxn03537_c_c0;cpd03920_c0
rxn03537_c_c0;cpd00012_c0
cpd03919_c0;rxn03537_c_c0
rxn03537_c_c0;cpd00067_c0
rxn03538_c_c0
rxn03541_c_c0
rxn03643_c_c0
rxn03644_c_c0
rxn03841_c_c0;cpd00020_c0
rxn03841_c_c0;cpd00443_c0
cpd08210_c0;rxn03841_c_c0
rxn03841_c_c0;cpd00067_c0
rxn03891_c_c0;cpd00012_c0
rxn03891_c_c0;cpd02590_c0
cpd00113_c0;rxn03891_c_c0
cpd00906_c0;rxn03891_c_c0
rxn03891_c_c0;cpd00067_c0
rxn03893_c_c0;cpd00067_c0
cpd02557_c0;rxn03893_c_c0
cpd00136_c0;rxn03893_c_c0
rxn03893_c_c0;cpd03443_c0
rxn03893_c_c0;cpd00012_c0
cpd00001_c0;rxn03901_c_c0
cpd02229_c0;rxn03901_c_c0
rxn03901_c_c0;cpd00009_c0
rxn03901_c_c0;cpd00067_c0
rxn03901_c_c0;cpd00286_c0
rxn03904_c_c0
cpd00102_c0;rxn03909_c_c0
cpd00067_c0;rxn03909_c_c0
rxn03909_c_c0;cpd08289_c0
rxn03909_c_c0;cpd00011_c0
cpd00020_c0;rxn03909_c_c0
rxn03916_c_c0;cpd03830_c0
cpd00002_c0;rxn03916_c_c0
rxn03916_c_c0;cpd00012_c0
cpd04920_c0;rxn03916_c_c0
rxn03917_c_c0;cpd04918_c0
cpd00238_c0;rxn03917_c_c0
cpd00002_c0;rxn03918_c_c0
cpd04918_c0;rxn03918_c_c0
rxn03918_c_c0;cpd00067_c0
rxn03918_c_c0;cpd00008_c0
rxn03918_c_c0;cpd08316_c0
rxn03919_c_c0;cpd04920_c0
cpd08316_c0;rxn03919_c_c0
cpd00001_c0;rxn03919_c_c0
rxn03919_c_c0;cpd00009_c0
rxn04043_c_c0
rxn04139_c_c0;cpd03449_c0
cpd03448_c0;rxn04139_c_c0
rxn04139_c_c0;cpd00006_c0
cpd00007_c0;rxn04139_c_c0
rxn04139_c_c0;cpd00001_c0
cpd00005_c0;rxn04139_c_c0
cpd00067_c0;rxn04139_c_c0
rxn04675_c_c0
rxn04954_c_c0;cpd00345_c0
cpd00125_c0;rxn04954_c_c0
cpd00067_c0;rxn04954_c_c0
rxn04954_c_c0;cpd00003_c0
cpd00004_c0;rxn04954_c_c0
rxn05005_c_c0
rxn05006_c_c0
cpd00002_c0;rxn05029_c_c0
rxn05029_c_c0;cpd03918_c0
cpd00067_c0;rxn05029_c_c0
cpd03422_c0;rxn05029_c_c0
rxn05029_c_c0;cpd00421_c0
rxn05039_c_c0;cpd00009_c0
cpd02720_c0;rxn05039_c_c0
cpd00001_c0;rxn05039_c_c0
rxn05039_c_c0;cpd02882_c0
cpd00171_c0;rxn05040_c_c0
rxn05040_c_c0;cpd00047_c0
rxn05040_c_c0;cpd00067_c0
rxn05040_c_c0;cpd11225_c0
rxn05054_c_c0
cpd00006_c0;rxn05117_c_c0
cpd00041_c0;rxn05117_c_c0
rxn05117_c_c0;cpd00005_c0
rxn05117_c_c0;cpd00067_c0
rxn05117_c_c0;cpd03470_c0
cpd00053_c0;rxn05144_c_c0
cpd00102_c0;rxn05144_c_c0
cpd00171_c0;rxn05144_c_c0
rxn05144_c_c0;cpd00001_c0
rxn05144_c_c0;cpd00009_c0
rxn05144_c_c0;cpd00016_c0
rxn05144_c_c0;cpd00023_c0
rxn05144_c_c0;cpd00067_c0
rxn05145_c_c0
cpd00001_c0;rxn05195_c_c0
cpd00002_c0;rxn05195_c_c0
cpd10516_e0;rxn05195_c_c0
rxn05195_c_c0;cpd00008_c0
rxn05195_c_c0;cpd00009_c0
rxn05195_c_c0;cpd00067_c0
rxn05195_c_c0;cpd10516_c0
rxn05209_c_c0
rxn05221_c_c0
cpd00002_c0;rxn05229_c_c0
cpd00242_c0;rxn05229_c_c0
cpd02140_c0;rxn05229_c_c0
rxn05229_c_c0;cpd00008_c0
rxn05229_c_c0;cpd00009_c0
rxn05229_c_c0;cpd00067_c0
rxn05229_c_c0;cpd02893_c0
cpd00002_c0;rxn05232_c_c0
cpd11421_c0;rxn05232_c_c0
rxn05232_c_c0;cpd00001_c0
rxn05232_c_c0;cpd00115_c0
rxn05232_c_c0;cpd11420_c0
cpd00038_c0;rxn05234_c_c0
cpd11421_c0;rxn05234_c_c0
rxn05234_c_c0;cpd00001_c0
rxn05234_c_c0;cpd00241_c0
rxn05234_c_c0;cpd11420_c0
cpd00052_c0;rxn05235_c_c0
cpd11421_c0;rxn05235_c_c0
rxn05235_c_c0;cpd00001_c0
rxn05235_c_c0;cpd00356_c0
rxn05235_c_c0;cpd11420_c0
rxn05237_c_c0;cpd00084_c0
cpd00001_c0;rxn05237_c_c0
cpd00002_c0;rxn05237_c_c0
rxn05237_c_c0;cpd00067_c0
cpd00084_e0;rxn05237_c_c0
rxn05237_c_c0;cpd00008_c0
rxn05237_c_c0;cpd00009_c0
rxn05289_c_c0
cpd00022_c0;rxn05291_c_c0
cpd00070_c0;rxn05291_c_c0
rxn05291_c_c0;cpd00011_c0
rxn05291_c_c0;cpd00214_c0
cpd00067_c0;rxn05291_c_c0
rxn05291_c_c0;cpd00010_c0
rxn05291_c_c0;cpd00006_c0
cpd00005_c0;rxn05291_c_c0
rxn05291_c_c0;cpd00001_c0
rxn05315_c_c0
rxn05319_c_c0;cpd00001_e0
cpd00001_c0;rxn05319_c_c0
rxn05342_c_c0
cpd11468_c0;rxn05345_c_c0
rxn05345_c_c0;cpd11493_c0
cpd11492_c0;rxn05345_c_c0
rxn05345_c_c0;cpd00011_c0
rxn05345_c_c0;cpd11491_c0
cpd00760_c0;rxn05358_c_c0
rxn05358_c_c0;cpd11495_c0
cpd11493_c0;rxn05358_c_c0
rxn05358_c_c0;cpd00010_c0
rxn05358_c_c0;cpd00067_c0
rxn05359_c_c0;cpd00011_c0
cpd11492_c0;rxn05359_c_c0
rxn05359_c_c0;cpd11493_c0
rxn05359_c_c0;cpd11496_c0
cpd11495_c0;rxn05359_c_c0
rxn05360_c_c0
rxn05361_c_c0;cpd00001_c0
cpd11497_c0;rxn05361_c_c0
rxn05361_c_c0;cpd11498_c0
cpd11499_c0;rxn05363_c_c0
rxn05363_c_c0;cpd11500_c0
rxn05363_c_c0;cpd11493_c0
rxn05363_c_c0;cpd00011_c0
cpd11492_c0;rxn05363_c_c0
rxn05364_c_c0
cpd11501_c0;rxn05365_c_c0
rxn05365_c_c0;cpd00001_c0
rxn05365_c_c0;cpd11502_c0
rxn05367_c_c0;cpd11504_c0
rxn05367_c_c0;cpd00011_c0
cpd11492_c0;rxn05367_c_c0
cpd11503_c0;rxn05367_c_c0
rxn05367_c_c0;cpd11493_c0
rxn05368_c_c0
cpd11505_c0;rxn05369_c_c0
rxn05369_c_c0;cpd11506_c0
rxn05369_c_c0;cpd00001_c0
rxn05371_c_c0;cpd11493_c0
rxn05371_c_c0;cpd11508_c0
cpd11507_c0;rxn05371_c_c0
rxn05371_c_c0;cpd00011_c0
cpd11492_c0;rxn05371_c_c0
rxn05372_c_c0
rxn05373_c_c0;cpd00001_c0
rxn05373_c_c0;cpd11510_c0
cpd11509_c0;rxn05373_c_c0
cpd11511_c0;rxn05375_c_c0
rxn05375_c_c0;cpd11493_c0
cpd11492_c0;rxn05375_c_c0
rxn05375_c_c0;cpd00011_c0
rxn05375_c_c0;cpd11512_c0
rxn05376_c_c0
rxn05377_c_c0;cpd00001_c0
rxn05377_c_c0;cpd11514_c0
cpd11513_c0;rxn05377_c_c0
rxn05379_c_c0;cpd00011_c0
cpd11492_c0;rxn05379_c_c0
rxn05379_c_c0;cpd11493_c0
cpd11515_c0;rxn05379_c_c0
rxn05379_c_c0;cpd11516_c0
rxn05380_c_c0
rxn05381_c_c0;cpd11518_c0
cpd11517_c0;rxn05381_c_c0
rxn05381_c_c0;cpd00001_c0
cpd11493_c0;rxn05383_c_c0
rxn05383_c_c0;cpd00010_c0
cpd01882_c0;rxn05383_c_c0
rxn05383_c_c0;cpd11520_c0
rxn05383_c_c0;cpd00067_c0
rxn05384_c_c0;cpd00011_c0
cpd11492_c0;rxn05384_c_c0
rxn05384_c_c0;cpd11521_c0
cpd11520_c0;rxn05384_c_c0
rxn05384_c_c0;cpd11493_c0
rxn05385_c_c0
rxn05386_c_c0;cpd00001_c0
cpd11522_c0;rxn05386_c_c0
rxn05386_c_c0;cpd11523_c0
cpd11524_c0;rxn05388_c_c0
rxn05388_c_c0;cpd00011_c0
cpd11492_c0;rxn05388_c_c0
rxn05388_c_c0;cpd11493_c0
rxn05388_c_c0;cpd11525_c0
rxn05389_c_c0
cpd11526_c0;rxn05390_c_c0
rxn05390_c_c0;cpd11527_c0
rxn05390_c_c0;cpd00001_c0
rxn05392_c_c0;cpd11493_c0
cpd11528_c0;rxn05392_c_c0
rxn05392_c_c0;cpd11529_c0
rxn05392_c_c0;cpd00011_c0
cpd11492_c0;rxn05392_c_c0
rxn05393_c_c0
cpd11530_c0;rxn05394_c_c0
rxn05394_c_c0;cpd00001_c0
rxn05394_c_c0;cpd11531_c0
rxn05396_c_c0;cpd00011_c0
cpd11492_c0;rxn05396_c_c0
cpd11532_c0;rxn05396_c_c0
rxn05396_c_c0;cpd11533_c0
rxn05396_c_c0;cpd11493_c0
rxn05397_c_c0
rxn05398_c_c0;cpd11535_c0
cpd11534_c0;rxn05398_c_c0
rxn05398_c_c0;cpd00001_c0
rxn05400_c_c0;cpd11537_c0
cpd11536_c0;rxn05400_c_c0
rxn05400_c_c0;cpd00011_c0
cpd11492_c0;rxn05400_c_c0
rxn05400_c_c0;cpd11493_c0
rxn05401_c_c0
cpd11538_c0;rxn05402_c_c0
rxn05402_c_c0;cpd11539_c0
rxn05402_c_c0;cpd00001_c0
rxn05404_c_c0;cpd11541_c0
rxn05404_c_c0;cpd11493_c0
cpd11540_c0;rxn05404_c_c0
rxn05404_c_c0;cpd00011_c0
cpd11492_c0;rxn05404_c_c0
rxn05405_c_c0
cpd11542_c0;rxn05406_c_c0
rxn05406_c_c0;cpd11543_c0
rxn05406_c_c0;cpd00001_c0
rxn05433_c_c0;cpd00003_c0
rxn05433_c_c0;cpd11499_c0
cpd00067_c0;rxn05433_c_c0
cpd11498_c0;rxn05433_c_c0
cpd00004_c0;rxn05433_c_c0
cpd00004_c0;rxn05434_c_c0
cpd11502_c0;rxn05434_c_c0
cpd00067_c0;rxn05434_c_c0
rxn05434_c_c0;cpd11503_c0
rxn05434_c_c0;cpd00003_c0
cpd00067_c0;rxn05435_c_c0
rxn05435_c_c0;cpd11507_c0
cpd00004_c0;rxn05435_c_c0
cpd11506_c0;rxn05435_c_c0
rxn05435_c_c0;cpd00003_c0
cpd00067_c0;rxn05436_c_c0
cpd00004_c0;rxn05436_c_c0
cpd11510_c0;rxn05436_c_c0
rxn05436_c_c0;cpd00003_c0
rxn05436_c_c0;cpd11511_c0
cpd00067_c0;rxn05437_c_c0
cpd11514_c0;rxn05437_c_c0
cpd00004_c0;rxn05437_c_c0
rxn05437_c_c0;cpd00003_c0
rxn05437_c_c0;cpd11515_c0
rxn05438_c_c0;cpd00003_c0
cpd11518_c0;rxn05438_c_c0
cpd00067_c0;rxn05438_c_c0
rxn05438_c_c0;cpd11519_c0
cpd00004_c0;rxn05438_c_c0
rxn05439_c_c0;cpd11524_c0
cpd00004_c0;rxn05439_c_c0
cpd00067_c0;rxn05439_c_c0
rxn05439_c_c0;cpd00003_c0
cpd11523_c0;rxn05439_c_c0
cpd00004_c0;rxn05440_c_c0
cpd11527_c0;rxn05440_c_c0
cpd00067_c0;rxn05440_c_c0
rxn05440_c_c0;cpd00003_c0
rxn05440_c_c0;cpd11528_c0
rxn05441_c_c0;cpd00003_c0
cpd11531_c0;rxn05441_c_c0
cpd00004_c0;rxn05441_c_c0
cpd00067_c0;rxn05441_c_c0
rxn05441_c_c0;cpd11532_c0
cpd00067_c0;rxn05442_c_c0
cpd00004_c0;rxn05442_c_c0
rxn05442_c_c0;cpd11536_c0
rxn05442_c_c0;cpd00003_c0
cpd11535_c0;rxn05442_c_c0
rxn05443_c_c0;cpd11540_c0
cpd00067_c0;rxn05443_c_c0
cpd00004_c0;rxn05443_c_c0
rxn05443_c_c0;cpd00003_c0
cpd11539_c0;rxn05443_c_c0
rxn05444_c_c0;cpd11544_c0
cpd11543_c0;rxn05444_c_c0
rxn05444_c_c0;cpd00003_c0
cpd00067_c0;rxn05444_c_c0
cpd00004_c0;rxn05444_c_c0
rxn05452_c_c0;cpd11434_c0
cpd11519_c0;rxn05452_c_c0
cpd00067_c0;rxn05452_c_c0
rxn05452_c_c0;cpd11493_c0
cpd00010_c0;rxn05452_c_c0
rxn05454_c_c0;cpd11432_c0
cpd00067_c0;rxn05454_c_c0
cpd00010_c0;rxn05454_c_c0
rxn05454_c_c0;cpd11493_c0
cpd11544_c0;rxn05454_c_c0
rxn05466_c_c0
rxn05467_c_c0
rxn05468_c_c0
rxn05514_c_c0;cpd00063_c0
rxn05514_c_c0;cpd00067_e0
cpd00067_c0;rxn05514_c_c0
cpd00063_e0;rxn05514_c_c0
cpd00001_c0;rxn05516_c_c0
cpd00002_c0;rxn05516_c_c0
cpd01012_c0;rxn05516_c_c0
rxn05516_c_c0;cpd00008_c0
rxn05516_c_c0;cpd00009_c0
rxn05516_c_c0;cpd00067_c0
rxn05516_c_c0;cpd01012_e0
rxn05517_c_c0
cpd00001_c0;rxn05555_c_c0
cpd00002_c0;rxn05555_c_c0
cpd10515_e0;rxn05555_c_c0
rxn05555_c_c0;cpd00008_c0
rxn05555_c_c0;cpd00009_c0
rxn05555_c_c0;cpd00067_c0
rxn05555_c_c0;cpd10515_c0
rxn05559_c_c0
cpd00027_e0;rxn05573_c_c0
rxn05573_c_c0;cpd00027_c0
rxn05573_c_c0;cpd00067_c0
cpd00067_e0;rxn05573_c_c0
rxn05596_c_c0
cpd00067_e0;rxn05618_c_c0
rxn05618_c_c0;cpd00030_c0
rxn05618_c_c0;cpd00067_c0
cpd00030_e0;rxn05618_c_c0
rxn05651_c_c0;cpd00048_c0
cpd00048_e0;rxn05651_c_c0
rxn05651_c_c0;cpd00067_c0
cpd00067_e0;rxn05651_c_c0
cpd00070_c0;rxn05744_c_c0
cpd00022_c0;rxn05744_c_c0
rxn05744_c_c0;cpd00011_c0
cpd00067_c0;rxn05744_c_c0
rxn05744_c_c0;cpd00010_c0
rxn05744_c_c0;cpd00006_c0
cpd00005_c0;rxn05744_c_c0
rxn05744_c_c0;cpd03847_c0
rxn05744_c_c0;cpd00001_c0
rxn05938_c_c0
rxn05939_c_c0
cpd00239_c0;rxn05957_c_c0
cpd00822_c0;rxn05957_c_c0
rxn05957_c_c0;cpd00036_c0
rxn05957_c_c0;cpd00135_c0
rxn06022_c_c0;cpd11493_c0
cpd12370_c0;rxn06022_c_c0
rxn06022_c_c0;cpd00001_c0
cpd00834_c0;rxn06022_c_c0
cpd00067_c0;rxn06022_c_c0
rxn06591_c_c0
cpd11484_c0;rxn06723_c_c0
cpd03584_c0;rxn06723_c_c0
rxn06723_c_c0;cpd02835_c0
rxn06723_c_c0;cpd11493_c0
cpd11484_c0;rxn06729_c_c0
rxn06729_c_c0;cpd11493_c0
cpd00037_c0;rxn06729_c_c0
cpd00067_c0;rxn06729_c_c0
rxn06729_c_c0;cpd02886_c0
cpd11466_c0;rxn06848_c_c0
rxn06848_c_c0;cpd03587_c0
rxn06848_c_c0;cpd11493_c0
cpd03736_c0;rxn06848_c_c0
cpd03586_c0;rxn06865_c_c0
rxn06865_c_c0;cpd03736_c0
rxn06865_c_c0;cpd11493_c0
cpd11468_c0;rxn06865_c_c0
cpd00002_c0;rxn06937_c_c0
cpd00023_c0;rxn06937_c_c0
cpd11912_c0;rxn06937_c_c0
rxn06937_c_c0;cpd00012_c0
rxn06937_c_c0;cpd00018_c0
rxn06937_c_c0;cpd00067_c0
rxn06937_c_c0;cpd12227_c0
rxn07441_c_c0
cpd00001_c0;rxn07758_c_c0
rxn07758_c_c0;cpd15073_c0
cpd00309_c0;rxn07758_c_c0
rxn07758_c_c0;cpd00067_c0
cpd00006_c0;rxn07758_c_c0
rxn07758_c_c0;cpd00005_c0
cpd00055_c0;rxn07758_c_c0
rxn07758_c_c0;cpd00007_c0
rxn07764_c_c0;cpd04399_c0
cpd00006_c0;rxn07764_c_c0
rxn07764_c_c0;cpd00005_c0
cpd00055_c0;rxn07764_c_c0
rxn07764_c_c0;cpd00007_c0
rxn07764_c_c0;cpd00067_c0
cpd00001_c0;rxn07764_c_c0
cpd15073_c0;rxn07764_c_c0
rxn08128_c_c0;cpd15495_c0
cpd00027_c0;rxn08128_c_c0
cpd01329_c0;rxn08128_c_c0
rxn08128_c_c0;cpd00179_c0
rxn08311_c_c0
rxn08333_c_c0;cpd00011_c0
cpd02557_c0;rxn08333_c_c0
rxn08333_c_c0;cpd00012_c0
rxn08333_c_c0;cpd15353_c0
cpd02295_c0;rxn08333_c_c0
cpd00282_c0;rxn08336_c_c0
cpd15500_c0;rxn08336_c_c0
rxn08336_c_c0;cpd00247_c0
rxn08336_c_c0;cpd15499_c0
cpd11493_c0;rxn08434_c_c0
cpd03847_c0;rxn08434_c_c0
rxn08434_c_c0;cpd00001_c0
rxn08434_c_c0;cpd11466_c0
cpd00067_c0;rxn08434_c_c0
rxn08527_c_c0
rxn08528_c_c0
rxn08583_c_c0;cpd00014_c0
rxn08583_c_c0;cpd15469_c0
cpd15479_c0;rxn08583_c_c0
cpd00026_c0;rxn08583_c_c0
rxn08618_c_c0;cpd00014_c0
rxn08618_c_c0;cpd15479_c0
cpd15489_c0;rxn08618_c_c0
rxn08618_c_c0;cpd00067_c0
cpd00026_c0;rxn08618_c_c0
cpd15469_c0;rxn08619_c_c0
rxn08619_c_c0;cpd00014_c0
rxn08619_c_c0;cpd15475_c0
cpd00026_c0;rxn08619_c_c0
cpd00026_c0;rxn08620_c_c0
rxn08620_c_c0;cpd15477_c0
rxn08620_c_c0;cpd00014_c0
cpd15475_c0;rxn08620_c_c0
cpd00100_c0;rxn08669_c_c0
rxn08669_c_c0;cpd00001_c0
cpd00080_c0;rxn08669_c_c0
rxn08669_c_c0;cpd02090_c0
cpd00067_c0;rxn08669_c_c0
rxn08708_c_c0;cpd00067_c0
rxn08708_c_c0;cpd00008_c0
cpd15484_c0;rxn08708_c_c0
rxn08708_c_c0;cpd15549_c0
cpd00002_c0;rxn08708_c_c0
rxn08709_c_c0;cpd15550_c0
cpd15488_c0;rxn08709_c_c0
rxn08709_c_c0;cpd00008_c0
rxn08709_c_c0;cpd00067_c0
cpd00002_c0;rxn08709_c_c0
rxn08710_c_c0;cpd00008_c0
cpd00067_c0;rxn08710_c_c0
cpd03587_c0;rxn08710_c_c0
cpd03831_c0;rxn08710_c_c0
rxn08710_c_c0;cpd15485_c0
cpd15485_c0;rxn08711_c_c0
rxn08711_c_c0;cpd15484_c0
cpd03831_c0;rxn08711_c_c0
rxn08711_c_c0;cpd00008_c0
cpd15549_c0;rxn08712_c_c0
rxn08712_c_c0;cpd15488_c0
rxn08712_c_c0;cpd00008_c0
cpd03831_c0;rxn08712_c_c0
cpd15477_c0;rxn08713_c_c0
cpd03831_c0;rxn08713_c_c0
rxn08713_c_c0;cpd00008_c0
rxn08713_c_c0;cpd15432_c0
rxn08766_c_c0;cpd00022_c0
cpd00010_c0;rxn08766_c_c0
cpd11488_c0;rxn08766_c_c0
rxn08766_c_c0;cpd11492_c0
cpd00011_c0;rxn08766_c_c0
cpd01080_c0;rxn08801_c_c0
rxn08801_c_c0;cpd15329_c0
rxn08801_c_c0;cpd00001_c0
cpd00080_c0;rxn08801_c_c0
cpd00067_c0;rxn08801_c_c0
cpd01080_c0;rxn08850_c_c0
rxn08850_c_c0;cpd15348_c0
cpd00067_c0;rxn08850_c_c0
rxn08850_c_c0;cpd00001_c0
cpd02090_c0;rxn08850_c_c0
cpd15495_c0;rxn08935_c_c0
rxn08935_c_c0;cpd00001_c0
rxn08935_c_c0;cpd01329_c0
cpd00027_c0;rxn08935_c_c0
rxn08954_c_c0;cpd15492_c0
rxn08954_c_c0;cpd00067_c0
cpd15550_c0;rxn08954_c_c0
rxn08954_c_c0;cpd00046_c0
cpd02546_c0;rxn08954_c_c0
rxn09016_c_c0;cpd00001_c0
cpd00421_c0;rxn09016_c_c0
cpd00311_c0;rxn09016_c_c0
rxn09016_c_c0;cpd00038_c0
rxn09142_c_c0;cpd00001_c0
cpd00067_c0;rxn09142_c_c0
cpd15348_c0;rxn09142_c_c0
cpd01080_c0;rxn09142_c_c0
rxn09142_c_c0;cpd15540_c0
cpd15329_c0;rxn09149_c_c0
cpd01080_c0;rxn09149_c_c0
rxn09149_c_c0;cpd15526_c0
cpd00067_c0;rxn09149_c_c0
rxn09149_c_c0;cpd00001_c0
cpd15557_c0;rxn09202_c_c0
cpd00067_c0;rxn09202_c_c0
rxn09202_c_c0;cpd00011_c0
rxn09202_c_c0;cpd15533_c0
cpd00054_c0;rxn09210_c_c0
cpd15421_c0;rxn09210_c_c0
rxn09210_c_c0;cpd00046_c0
rxn09210_c_c0;cpd00067_c0
rxn09210_c_c0;cpd15557_c0
cpd02113_c0;rxn09225_c_c0
rxn09225_c_c0;cpd00297_c0
cpd15492_c0;rxn09225_c_c0
rxn09225_c_c0;cpd15489_c0
cpd00067_c0;rxn09225_c_c0
rxn09272_c_c0
cpd00002_c0;rxn09310_c_c0
cpd00069_c0;rxn09310_c_c0
cpd00084_c0;rxn09310_c_c0
cpd08289_c0;rxn09310_c_c0
rxn09310_c_c0;cpd00001_c0
rxn09310_c_c0;cpd00011_c0
rxn09310_c_c0;cpd00012_c0
rxn09310_c_c0;cpd00018_c0
rxn09310_c_c0;cpd00035_c0
rxn09310_c_c0;cpd00067_c0
rxn09310_c_c0;cpd02654_c0
rxn09310_c_c0;cpd15378_c0
rxn09341_c_c0;cpd00037_c0
cpd02611_c0;rxn09341_c_c0
cpd00067_c0;rxn09341_c_c0
rxn09341_c_c0;cpd00001_c0
cpd00091_c0;rxn09341_c_c0
cpd00350_c0;rxn09345_c_c0
rxn09345_c_c0;cpd00067_c0
cpd00113_c0;rxn09345_c_c0
rxn09345_c_c0;cpd02229_c0
rxn09345_c_c0;cpd00012_c0
rxn09429_c_c0;cpd00001_c0
cpd00005_c0;rxn09429_c_c0
rxn09429_c_c0;cpd00006_c0
cpd00067_c0;rxn09429_c_c0
rxn09429_c_c0;cpd00010_c0
rxn09429_c_c0;cpd01080_c0
cpd00214_c0;rxn09429_c_c0
rxn09429_c_c0;cpd00011_c0
cpd00070_c0;rxn09429_c_c0
cpd00006_c0;rxn09436_c_c0
rxn09436_c_c0;cpd00005_c0
cpd11466_c0;rxn09436_c_c0
rxn09436_c_c0;cpd11492_c0
cpd00001_c0;rxn09436_c_c0
cpd11493_c0;rxn09436_c_c0
cpd00011_c0;rxn09436_c_c0
rxn09436_c_c0;cpd11468_c0
rxn09436_c_c0;cpd00067_c0
cpd01080_c0;rxn09456_c_c0
cpd11493_c0;rxn09456_c_c0
rxn09456_c_c0;cpd15268_c0
rxn09456_c_c0;cpd00001_c0
rxn09997_c_c0
rxn10060_c_c0
rxn10094_c_c0;cpd15500_c0
rxn10094_c_c0;cpd00019_c0
rxn10094_c_c0;cpd00067_c0
cpd15352_c0;rxn10094_c_c0
cpd00017_c0;rxn10094_c_c0
rxn10122_c_c0
cpd03495_c0;rxn10199_c_c0
rxn10199_c_c0;cpd02229_c0
cpd15666_c0;rxn10199_c_c0
rxn10199_c_c0;cpd15665_c0
rxn10205_c_c0;cpd15671_c0
rxn10205_c_c0;cpd00010_c0
cpd11432_c0;rxn10205_c_c0
cpd00080_c0;rxn10205_c_c0
rxn10206_c_c0;cpd00010_c0
rxn10206_c_c0;cpd15672_c0
cpd11434_c0;rxn10206_c_c0
cpd00080_c0;rxn10206_c_c0
rxn10214_c_c0;cpd00067_c0
rxn10214_c_c0;cpd15677_c0
cpd11432_c0;rxn10214_c_c0
cpd15671_c0;rxn10214_c_c0
rxn10214_c_c0;cpd00010_c0
rxn10215_c_c0;cpd15678_c0
rxn10215_c_c0;cpd00010_c0
cpd15672_c0;rxn10215_c_c0
rxn10215_c_c0;cpd00067_c0
cpd11434_c0;rxn10215_c_c0
rxn10220_c_c0
rxn10221_c_c0
cpd00054_c0;rxn10226_c_c0
cpd15683_c0;rxn10226_c_c0
rxn10226_c_c0;cpd00046_c0
rxn10226_c_c0;cpd00067_c0
rxn10226_c_c0;cpd15689_c0
cpd00054_c0;rxn10227_c_c0
cpd15684_c0;rxn10227_c_c0
rxn10227_c_c0;cpd00046_c0
rxn10227_c_c0;cpd00067_c0
rxn10227_c_c0;cpd15690_c0
rxn10232_c_c0;cpd15695_c0
cpd00067_c0;rxn10232_c_c0
rxn10232_c_c0;cpd00011_c0
cpd15689_c0;rxn10232_c_c0
cpd15690_c0;rxn10233_c_c0
rxn10233_c_c0;cpd15696_c0
rxn10233_c_c0;cpd00011_c0
cpd00067_c0;rxn10233_c_c0
rxn10259_c_c0
rxn10260_c_c0
rxn10265_c_c0;cpd15722_c0
cpd15716_c0;rxn10265_c_c0
cpd00001_c0;rxn10265_c_c0
rxn10265_c_c0;cpd00009_c0
rxn10265_c_c0;cpd00067_c0
rxn10266_c_c0;cpd15723_c0
rxn10266_c_c0;cpd00009_c0
rxn10266_c_c0;cpd00067_c0
cpd15717_c0;rxn10266_c_c0
cpd00001_c0;rxn10266_c_c0
rxn10336_c_c0;cpd15793_c0
rxn10336_c_c0;cpd00100_c0
cpd15540_c0;rxn10336_c_c0
rxn10337_c_c0;cpd15794_c0
rxn10337_c_c0;cpd00100_c0
cpd15722_c0;rxn10337_c_c0
cpd15723_c0;rxn10338_c_c0
rxn10338_c_c0;cpd15795_c0
rxn10338_c_c0;cpd00100_c0
cpd00099_e0;rxn10473_c_c0
rxn10473_c_c0;cpd00099_c0
cpd00149_e0;rxn10474_c_c0
rxn10474_c_c0;cpd00149_c0
cpd00001_c0;rxn10481_c_c0
cpd00002_c0;rxn10481_c_c0
cpd00058_e0;rxn10481_c_c0
rxn10481_c_c0;cpd00008_c0
rxn10481_c_c0;cpd00009_c0
rxn10481_c_c0;cpd00058_c0
rxn10481_c_c0;cpd00067_c0
cpd00001_c0;rxn10571_c_c0
cpd00002_c0;rxn10571_c_c0
cpd00254_e0;rxn10571_c_c0
rxn10571_c_c0;cpd00008_c0
rxn10571_c_c0;cpd00009_c0
rxn10571_c_c0;cpd00067_c0
rxn10571_c_c0;cpd00254_c0
cpd11493_c0;rxn10954_c_c0
rxn10954_c_c0;cpd11488_c0
rxn10954_c_c0;cpd00005_c0
cpd00006_c0;rxn10954_c_c0
cpd15268_c0;rxn10954_c_c0
rxn10954_c_c0;cpd00067_c0
cpd00011_c0;rxn10954_c_c0
rxn10954_c_c0;cpd11492_c0
cpd00001_c0;rxn10954_c_c0
cpd00159_c0;rxn11132_c_c0
rxn11132_c_c0;cpd00130_c0
rxn11132_c_c0;cpd00067_c0
cpd00011_c0;rxn11132_c_c0
rxn11674_c_c0;cpd00868_c0
rxn11674_c_c0;cpd00007_c0
cpd00011_c0;rxn11674_c_c0
cpd02043_c0;rxn11674_c_c0
cpd00017_c0;rxn11946_c_c0
cpd03449_c0;rxn11946_c_c0
rxn11946_c_c0;cpd15560_c0
rxn11946_c_c0;cpd00019_c0
rxn11946_c_c0;cpd00067_c0
rxn12008_c_c0;cpd00067_c0
cpd00113_c0;rxn12008_c_c0
rxn12008_c_c0;cpd02557_c0
cpd02590_c0;rxn12008_c_c0
rxn12008_c_c0;cpd00012_c0
cpd00067_c0;rxn12060_c_c0
cpd00019_c0;rxn12060_c_c0
rxn12060_c_c0;cpd00309_c0
cpd04399_c0;rxn12060_c_c0
rxn12060_c_c0;cpd00017_c0
rxn12188_c_c0
rxn12217_c_c0;cpd00125_c0
cpd00087_c0;rxn12217_c_c0
rxn12217_c_c0;cpd00001_c0
cpd00055_c0;rxn12217_c_c0
rxn12224_c_c0;cpd03447_c0
rxn12224_c_c0;cpd00001_c0
cpd03446_c0;rxn12224_c_c0
cpd00007_c0;rxn12224_c_c0
cpd03444_c0;rxn12225_c_c0
rxn12225_c_c0;cpd03445_c0
cpd00007_c0;rxn12225_c_c0
rxn12239_c_c0;cpd00004_c0
rxn12239_c_c0;cpd00484_c0
cpd15378_c0;rxn12239_c_c0
rxn12239_c_c0;cpd00067_c0
cpd00003_c0;rxn12239_c_c0
cpd00644_c0;rxn12510_c_c0
rxn12510_c_c0;cpd02201_c0
rxn12510_c_c0;cpd00067_c0
cpd00002_c0;rxn12510_c_c0
rxn12510_c_c0;cpd00008_c0
cpd00002_c0;rxn12512_c_c0
cpd00084_c0;rxn12512_c_c0
cpd02201_c0;rxn12512_c_c0
rxn12512_c_c0;cpd00012_c0
rxn12512_c_c0;cpd00018_c0
rxn12512_c_c0;cpd00067_c0
rxn12512_c_c0;cpd02666_c0
cpd00118_c0;rxn13085_c_c0
cpd00017_c0;rxn13085_c_c0
rxn13085_c_c0;cpd00264_c0
rxn13085_c_c0;cpd00147_c0
rxn13085_c_c0;cpd00011_c0
rxn13477_c_c0;cpd00067_c0
cpd00113_c0;rxn13477_c_c0
rxn13477_c_c0;cpd00906_c0
cpd00350_c0;rxn13477_c_c0
rxn13477_c_c0;cpd00012_c0
rxn13782_c_c0;cpd17041_c0
